Lead ID,Lead Created Date,Lead Source,Lead Type,Assigned To,Assignment Date,Appointment Date,Appointment Status,Appointment Set By,Appointment Set Date,Appointment Show Date,Sale Date,Sold By,New/Used,Total Gross,Test Drive
L0001,2026-04-18 09:14:00,CarGurus,Internet Lead,Maria Lopez,2026-04-18 09:14:00,2026-04-21 18:00:00,Showed,Maria Lopez,2026-04-18 10:02:00,2026-04-21 18:11:00,2026-04-22 19:30:00,Maria Lopez,New,3450,Y
L0002,2026-04-19 14:20:00,Cars.com,Internet Lead,Maria Lopez,2026-04-19 14:20:00,2026-04-22 12:00:00,No Show,Maria Lopez,2026-04-19 15:10:00,,,,Used,,N
L0003,2026-04-20 08:45:00,Dealer Website,Internet Lead,Maria Lopez,2026-04-20 08:45:00,,,,,,,,,N
L0004,2026-04-21 11:11:00,AutoTrader,Internet Lead,Maria Lopez,2026-04-21 11:11:00,2026-04-23 16:00:00,Showed,Maria Lopez,2026-04-21 11:45:00,2026-04-23 16:05:00,2026-04-23 20:00:00,Maria Lopez,Used,2100,Y
L0005,2026-04-22 16:30:00,CarGurus,Internet Lead,Maria Lopez,2026-04-22 16:30:00,,,,,,,,,N
L0006,2026-04-23 10:00:00,Dealer Website,Internet Lead,Maria Lopez,2026-04-23 10:00:00,2026-04-26 13:00:00,Showed,Maria Lopez,2026-04-23 10:30:00,2026-04-26 13:05:00,,,New,,Y
L0007,2026-04-24 13:00:00,CARFAX,Internet Lead,Maria Lopez,2026-04-24 13:00:00,,,,,,,,,N
L0008,2026-04-25 09:00:00,Cars.com,Internet Lead,Maria Lopez,2026-04-25 09:00:00,2026-04-28 17:00:00,Showed,Maria Lopez,2026-04-25 10:00:00,2026-04-28 17:09:00,2026-04-29 18:30:00,Maria Lopez,New,4100,Y
L0009,2026-04-26 11:00:00,Dealer Website,Internet Lead,Maria Lopez,2026-04-26 11:00:00,,,,,,,,,N
L0010,2026-04-27 14:00:00,CarGurus,Internet Lead,Maria Lopez,2026-04-27 14:00:00,2026-04-29 11:00:00,Set,Maria Lopez,2026-04-27 14:20:00,,,,New,,N
L0011,2026-04-28 09:30:00,AutoTrader,Internet Lead,Maria Lopez,2026-04-28 09:30:00,2026-04-30 18:00:00,Showed,Maria Lopez,2026-04-28 10:15:00,2026-04-30 18:09:00,,,Used,,Y
L0012,2026-04-29 12:00:00,Dealer Website,Internet Lead,Maria Lopez,2026-04-29 12:00:00,,,,,,,,,N
L0013,2026-04-30 14:00:00,CARFAX,Internet Lead,Maria Lopez,2026-04-30 14:00:00,,,,,,,,,N
L0014,2026-05-01 10:00:00,Cars.com,Internet Lead,Maria Lopez,2026-05-01 10:00:00,2026-05-03 16:00:00,Showed,Maria Lopez,2026-05-01 10:30:00,2026-05-03 16:05:00,2026-05-04 19:00:00,Maria Lopez,New,2800,Y
L0015,2026-05-02 11:00:00,CarGurus,Internet Lead,Maria Lopez,2026-05-02 11:00:00,,,,,,,,,N
L0016,2026-05-03 13:00:00,Dealer Website,Internet Lead,Maria Lopez,2026-05-03 13:00:00,2026-05-06 12:00:00,Set,Maria Lopez,2026-05-03 13:25:00,,,,New,,N
L0017,2026-05-04 09:00:00,AutoTrader,Internet Lead,Maria Lopez,2026-05-04 09:00:00,,,,,,,,,N
L0018,2026-05-05 14:00:00,Cars.com,Internet Lead,Maria Lopez,2026-05-05 14:00:00,,,,,,,,,N
L0019,2026-05-06 10:30:00,CARFAX,Internet Lead,Maria Lopez,2026-05-06 10:30:00,2026-05-08 18:00:00,Showed,Maria Lopez,2026-05-06 11:00:00,2026-05-08 18:09:00,2026-05-09 20:00:00,Maria Lopez,Used,1900,Y
L0020,2026-05-07 12:00:00,Dealer Website,Internet Lead,Maria Lopez,2026-05-07 12:00:00,,,,,,,,,N
L0021,2026-05-08 09:00:00,CarGurus,Internet Lead,Maria Lopez,2026-05-08 09:00:00,2026-05-10 17:00:00,Showed,Maria Lopez,2026-05-08 09:30:00,2026-05-10 17:05:00,,,New,,Y
L0022,2026-05-09 11:00:00,AutoTrader,Internet Lead,Maria Lopez,2026-05-09 11:00:00,,,,,,,,,N
L0023,2026-05-10 13:30:00,Cars.com,Internet Lead,Maria Lopez,2026-05-10 13:30:00,,,,,,,,,N
L0024,2026-05-11 14:00:00,Dealer Website,Internet Lead,Maria Lopez,2026-05-11 14:00:00,2026-05-13 15:00:00,Set,Maria Lopez,2026-05-11 14:30:00,,,,New,,N
L0025,2026-05-12 10:00:00,CarGurus,Internet Lead,Maria Lopez,2026-05-12 10:00:00,,,,,,,,,N
L0026,2026-05-13 09:00:00,Dealer Website,Internet Lead,Maria Lopez,2026-05-13 09:00:00,,,,,,,,,N
T0001,2026-04-18 10:00:00,CarGurus,Internet Lead,Tim Chen,2026-04-18 10:00:00,2026-04-21 17:00:00,Showed,Tim Chen,2026-04-18 13:00:00,2026-04-21 17:05:00,,,New,,Y
T0002,2026-04-19 11:00:00,Cars.com,Internet Lead,Tim Chen,2026-04-19 11:00:00,,,,,,,,,N
T0003,2026-04-20 12:00:00,AutoTrader,Internet Lead,Tim Chen,2026-04-20 12:00:00,,,,,,,,,N
T0004,2026-04-21 14:00:00,CarGurus,Internet Lead,Tim Chen,2026-04-21 14:00:00,2026-04-24 14:00:00,Set,Tim Chen,2026-04-21 16:00:00,,,,Used,,N
T0005,2026-04-22 09:00:00,Dealer Website,Internet Lead,Tim Chen,2026-04-22 09:00:00,,,,,,,,,N
T0006,2026-04-23 10:30:00,Cars.com,Internet Lead,Tim Chen,2026-04-23 10:30:00,,,,,,,,,N
T0007,2026-04-24 14:00:00,CARFAX,Internet Lead,Tim Chen,2026-04-24 14:00:00,2026-04-27 16:00:00,Cancelled,Tim Chen,2026-04-24 16:30:00,,,,New,,N
T0008,2026-04-25 09:00:00,CarGurus,Internet Lead,Tim Chen,2026-04-25 09:00:00,,,,,,,,,N
T0009,2026-04-26 11:00:00,Dealer Website,Internet Lead,Tim Chen,2026-04-26 11:00:00,2026-04-29 12:00:00,No Show,Tim Chen,2026-04-26 13:30:00,,,,New,,N
T0010,2026-04-27 13:00:00,AutoTrader,Internet Lead,Tim Chen,2026-04-27 13:00:00,,,,,,,,,N
T0011,2026-04-28 10:00:00,CarGurus,Internet Lead,Tim Chen,2026-04-28 10:00:00,,,,,,,,,N
T0012,2026-04-29 11:30:00,Cars.com,Internet Lead,Tim Chen,2026-04-29 11:30:00,,,,,,,,,N
T0013,2026-04-30 14:00:00,Dealer Website,Internet Lead,Tim Chen,2026-04-30 14:00:00,2026-05-02 11:00:00,Set,Tim Chen,2026-04-30 17:00:00,,,,Used,,N
T0014,2026-05-01 09:00:00,CarGurus,Internet Lead,Tim Chen,2026-05-01 09:00:00,,,,,,,,,N
T0015,2026-05-02 10:00:00,CARFAX,Internet Lead,Tim Chen,2026-05-02 10:00:00,,,,,,,,,N
T0016,2026-05-03 13:00:00,AutoTrader,Internet Lead,Tim Chen,2026-05-03 13:00:00,,,,,,,,,N
T0017,2026-05-04 14:00:00,Dealer Website,Internet Lead,Tim Chen,2026-05-04 14:00:00,2026-05-07 16:00:00,No Show,Tim Chen,2026-05-04 17:00:00,,,,New,,N
T0018,2026-05-05 10:30:00,CarGurus,Internet Lead,Tim Chen,2026-05-05 10:30:00,,,,,,,,,N
T0019,2026-05-06 12:00:00,Cars.com,Internet Lead,Tim Chen,2026-05-06 12:00:00,,,,,,,,,N
T0020,2026-05-07 09:00:00,Dealer Website,Internet Lead,Tim Chen,2026-05-07 09:00:00,2026-05-09 12:00:00,Set,Tim Chen,2026-05-07 13:00:00,,,,Used,,N
T0021,2026-05-08 11:00:00,CarGurus,Internet Lead,Tim Chen,2026-05-08 11:00:00,,,,,,,,,N
T0022,2026-05-09 13:00:00,AutoTrader,Internet Lead,Tim Chen,2026-05-09 13:00:00,,,,,,,,,N
T0023,2026-05-10 09:30:00,CARFAX,Internet Lead,Tim Chen,2026-05-10 09:30:00,,,,,,,,,N
T0024,2026-05-11 14:00:00,Cars.com,Internet Lead,Tim Chen,2026-05-11 14:00:00,2026-05-13 17:00:00,Set,Tim Chen,2026-05-11 16:30:00,,,,New,,N
T0025,2026-05-12 10:00:00,Dealer Website,Internet Lead,Tim Chen,2026-05-12 10:00:00,,,,,,,,,N
T0026,2026-05-13 11:00:00,CarGurus,Internet Lead,Tim Chen,2026-05-13 11:00:00,,,,,,,,,N
J0001,2026-04-19 08:00:00,Dealer Website,Internet Lead,Jordan Park,2026-04-19 08:00:00,,,,,,,,,N
J0002,2026-04-22 15:00:00,Cars.com,Internet Lead,Jordan Park,2026-04-22 15:00:00,,,,,,,,,N
J0003,2026-04-30 10:00:00,CarGurus,Internet Lead,Jordan Park,2026-04-30 10:00:00,2026-05-02 14:00:00,Set,Jordan Park,2026-04-30 11:00:00,,,,New,,N
J0004,2026-05-04 13:00:00,AutoTrader,Internet Lead,Jordan Park,2026-05-04 13:00:00,,,,,,,,,N
J0005,2026-05-10 09:00:00,CARFAX,Internet Lead,Jordan Park,2026-05-10 09:00:00,,,,,,,,,N
C0001,2026-04-20 11:00:00,Dealer Website,Credit App,Sam Rivera,2026-04-20 11:00:00,,,,,,,,,N
C0002,2026-05-05 14:00:00,Dealer Website,Credit App,Sam Rivera,2026-05-05 14:00:00,,,,,,,,,N
